epoch,objective,train_bce,train_accuracy,val_bce,val_accuracy
1,0.657867324760982,0.6338585621970041,0.6467857142857143,0.6260258549281529,0.661
2,0.6281373092447008,0.6247762214115687,0.6512142857142857,0.6148240791048323,0.661
3,0.6259840216636657,0.6239285076686314,0.6550714285714285,0.6104273665291923,0.6644285714285715
4,0.6222332701001848,0.6202693662643433,0.6582678571428572,0.6068273631504604,0.6694285714285715
5,0.6186363053662436,0.6161306918689183,0.6631071428571429,0.6023959880556379,0.6717142857142857
6,0.6143292270047324,0.6116913937841143,0.6687857142857143,0.5978559149333409,0.679
7,0.6095644264221192,0.6064152957711901,0.6760892857142857,0.59257433285032,0.6874285714285714
8,0.6038604109968458,0.6005555630752019,0.6838392857142858,0.5867904252324786,0.6944285714285714
9,0.5974028876168387,0.5931638487407139,0.694875,0.5797079907144819,0.7047142857142857
10,0.5901401008878435,0.5857553411551885,0.7054285714285714,0.5732156162261963,0.7135714285714285
11,0.5827789577756609,0.5784625975745065,0.7119285714285715,0.5661650968279157,0.7212857142857143
12,0.5764436546393803,0.5737794519492558,0.7173571428571428,0.5618528551374163,0.7228571428571429
13,0.5719202026980263,0.5700784947531564,0.721625,0.5586454507963998,0.7261428571428571
14,0.5702489021505628,0.5680031779153006,0.7258392857142857,0.55629220696858,0.7262857142857143
15,0.5696193335056305,0.5675590426581246,0.729375,0.5545252723012651,0.7254285714285714
16,0.5678269032750811,0.5661826570374625,0.7286071428571429,0.5529057000705174,0.7262857142857143
17,0.5668880005904606,0.5661799934932163,0.7305714285714285,0.5532713071278164,0.7277142857142858
18,0.5659964086328234,0.565247350352151,0.7302321428571429,0.5519349767139979,0.7311428571428571
19,0.565584112065179,0.563997225522995,0.73075,0.551558587891715,0.7292857142857143
20,0.5647930243696485,0.56390602684021,0.7318214285714286,0.550593497140067,0.7325714285714285
21,0.5642300735541752,0.5630119037287575,0.7325714285714285,0.5511941345759801,0.7328571428571429
22,0.5637627000808716,0.5629574991634914,0.733125,0.550408737046378,0.7332857142857143
23,0.5632698069299971,0.5620301560333797,0.7321785714285715,0.5503434271131243,0.7302857142857143
24,0.5628152835028513,0.5626375429289682,0.7323214285714286,0.5494001130376543,0.7331428571428571
25,0.5624382929120745,0.5624373856272016,0.732375,0.5512032487733024,0.7302857142857143
26,0.5619950484548296,0.5615773785114289,0.7333392857142857,0.5511202741350446,0.7281428571428571
27,0.5615929459844317,0.561349851846695,0.7313571428571428,0.5494919524192811,0.7357142857142858
28,0.5612149880954197,0.5604812992640904,0.7320892857142857,0.5484510565485273,0.7331428571428571
29,0.560939566884722,0.5599997681549618,0.7329285714285714,0.5487335124697004,0.7305714285714285
30,0.5609078008106777,0.5589101787975856,0.7340535714285714,0.5480338933127267,0.7347142857142858
